{
  "aggregator": {
    "0.0": {
      "mse": 2.353461265563965,
      "mae": 1.129791498184204,
      "r2": 0.674896240234375
    },
    "0.05": {
      "mse": 2.5849196910858154,
      "mae": 1.2183040380477905,
      "r2": 0.6429228782653809
    },
    "0.1": {
      "mse": 3.120253324508667,
      "mae": 1.34214448928833,
      "r2": 0.5689725875854492
    },
    "0.15": {
      "mse": 3.21549129486084,
      "mae": 1.4049731492996216,
      "r2": 0.5558165907859802
    },
    "0.2": {
      "mse": 4.100424766540527,
      "mae": 1.5835986137390137,
      "r2": 0.4335731267929077
    },
    "0.25": {
      "mse": 4.203047752380371,
      "mae": 1.66029691696167,
      "r2": 0.41939693689346313
    },
    "0.3": {
      "mse": 4.6966118812561035,
      "mae": 1.798812747001648,
      "r2": 0.3512166738510132
    },
    "0.4": {
      "mse": 6.616196155548096,
      "mae": 2.1219277381896973,
      "r2": 0.08604800701141357
    },
    "0.5": {
      "mse": 8.620222091674805,
      "mae": 2.4743454456329346,
      "r2": -0.19078528881072998
    }
  },
  "best_single_judge": {
    "name": "conciseness",
    "results": {
      "0.0": {
        "r2": 0.6132873892210502,
        "mse": 2.799453953206891
      },
      "0.05": {
        "r2": 0.6023951365772227,
        "mse": 2.8783041351589898
      },
      "0.1": {
        "r2": 0.5831439415120165,
        "mse": 3.0176655953934834
      },
      "0.15": {
        "r2": 0.536701854126013,
        "mse": 3.3538648335461914
      },
      "0.2": {
        "r2": 0.48010246322324146,
        "mse": 3.7635938783081593
      },
      "0.25": {
        "r2": 0.40766926922105273,
        "mse": 4.287945517331219
      },
      "0.3": {
        "r2": 0.3267835781400752,
        "mse": 4.8734856868085155
      },
      "0.4": {
        "r2": 0.10203816159631529,
        "mse": 6.5004417965181025
      },
      "0.5": {
        "r2": -0.19865826196557723,
        "mse": 8.677215369947518
      }
    }
  },
  "mean_baseline": {
    "0.0": {
      "r2": 0.6669140658789824,
      "mse": 2.411244704832496
    },
    "0.05": {
      "r2": 0.6537685663579539,
      "mse": 2.5064063819417486
    },
    "0.1": {
      "r2": 0.6346515623920138,
      "mse": 2.6447964184552304
    },
    "0.15": {
      "r2": 0.5897414104082679,
      "mse": 2.9699058123712336
    },
    "0.2": {
      "r2": 0.5255968293474087,
      "mse": 3.4342552957405945
    },
    "0.25": {
      "r2": 0.4485540555668762,
      "mse": 3.9919761758316246
    },
    "0.3": {
      "r2": 0.36115497485297154,
      "mse": 4.624667469550632
    },
    "0.4": {
      "r2": 0.1185796934638974,
      "mse": 6.380695878003771
    },
    "0.5": {
      "r2": -0.19739216110310265,
      "mse": 8.668049930378652
    }
  },
  "all_judges": {
    "harmlessness": {
      "0.0": {
        "r2": 0.44306664109310234,
        "mse": 4.031700156155277
      },
      "0.05": {
        "r2": 0.436785772188267,
        "mse": 4.077168037975315
      },
      "0.1": {
        "r2": 0.42311197491458385,
        "mse": 4.176154119024124
      },
      "0.15": {
        "r2": 0.39177994167663943,
        "mse": 4.402970058988675
      },
      "0.2": {
        "r2": 0.3464046284481348,
        "mse": 4.731446804910334
      },
      "0.25": {
        "r2": 0.2902594898743244,
        "mse": 5.137887468474952
      },
      "0.3": {
        "r2": 0.21747366150516034,
        "mse": 5.664791865399227
      },
      "0.4": {
        "r2": 0.04507882874037594,
        "mse": 6.912776499579373
      },
      "0.5": {
        "r2": -0.19023779972476862,
        "mse": 8.61625874311195
      }
    },
    "privacy": {
      "0.0": {
        "r2": 0.34579648895662407,
        "mse": 4.735849191737548
      },
      "0.05": {
        "r2": 0.34533273014069976,
        "mse": 4.739206391410863
      },
      "0.1": {
        "r2": 0.3382165022828515,
        "mse": 4.790721526043909
      },
      "0.15": {
        "r2": 0.31874048948157074,
        "mse": 4.931710465916933
      },
      "0.2": {
        "r2": 0.28509308814251255,
        "mse": 5.17528760322319
      },
      "0.25": {
        "r2": 0.2435828886957726,
        "mse": 5.475784377056116
      },
      "0.3": {
        "r2": 0.18264841487932293,
        "mse": 5.916895550721848
      },
      "0.4": {
        "r2": 0.03209525215934905,
        "mse": 7.006765999206258
      },
      "0.5": {
        "r2": -0.18686528059002638,
        "mse": 8.591844716362209
      }
    },
    "factual-accuracy": {
      "0.0": {
        "r2": 0.5463177407489479,
        "mse": 3.284254401742736
      },
      "0.05": {
        "r2": 0.5405144542648483,
        "mse": 3.32626501333562
      },
      "0.1": {
        "r2": 0.5273328686077713,
        "mse": 3.421687921843594
      },
      "0.15": {
        "r2": 0.49421481702450376,
        "mse": 3.6614330396470676
      },
      "0.2": {
        "r2": 0.44222237160102484,
        "mse": 4.037811913313668
      },
      "0.25": {
        "r2": 0.3787858577554708,
        "mse": 4.49703562237474
      },
      "0.3": {
        "r2": 0.30458720935511296,
        "mse": 5.0341675746237
      },
      "0.4": {
        "r2": 0.10264624016416135,
        "mse": 6.496039850723813
      },
      "0.5": {
        "r2": -0.1890621015836873,
        "mse": 8.607747738512957
      }
    },
    "prompt-faithfulness": {
      "0.0": {
        "r2": 0.3752235149836777,
        "mse": 4.522823802737119
      },
      "0.05": {
        "r2": 0.36369087196934113,
        "mse": 4.606309839079138
      },
      "0.1": {
        "r2": 0.3514531455664457,
        "mse": 4.694900049488472
      },
      "0.15": {
        "r2": 0.3194932637003146,
        "mse": 4.9262610528287745
      },
      "0.2": {
        "r2": 0.28212434046443025,
        "mse": 5.196778685209734
      },
      "0.25": {
        "r2": 0.22712241478070794,
        "mse": 5.594943508382006
      },
      "0.3": {
        "r2": 0.16181979851519568,
        "mse": 6.067676132464283
      },
      "0.4": {
        "r2": -0.010656171977451168,
        "mse": 7.316248131335125
      },
      "0.5": {
        "r2": -0.19171978626135378,
        "mse": 8.626987002167391
      }
    },
    "calibration": {
      "0.0": {
        "r2": 0.3256158085195172,
        "mse": 4.881939295999384
      },
      "0.05": {
        "r2": 0.31523585454327785,
        "mse": 4.957080893100025
      },
      "0.1": {
        "r2": 0.30448556166130847,
        "mse": 5.034903413151651
      },
      "0.15": {
        "r2": 0.27873513096760094,
        "mse": 5.221313535275869
      },
      "0.2": {
        "r2": 0.2482425532939111,
        "mse": 5.4420525666204504
      },
      "0.25": {
        "r2": 0.20618823751140225,
        "mse": 5.746488256808094
      },
      "0.3": {
        "r2": 0.1504227269236128,
        "mse": 6.150180752775919
      },
      "0.4": {
        "r2": 0.010552014478635074,
        "mse": 7.162719801097203
      },
      "0.5": {
        "r2": -0.15865376175038648,
        "mse": 8.387618513905249
      }
    },
    "bias-fairness": {
      "0.0": {
        "r2": 0.5680149791130639,
        "mse": 3.1271857724323335
      },
      "0.05": {
        "r2": 0.5583009056628849,
        "mse": 3.197506989180525
      },
      "0.1": {
        "r2": 0.5389890933162178,
        "mse": 3.3373072643992963
      },
      "0.15": {
        "r2": 0.49557986817024935,
        "mse": 3.651551288393625
      },
      "0.2": {
        "r2": 0.43190809478828873,
        "mse": 4.11247806640271
      },
      "0.25": {
        "r2": 0.3535798740886986,
        "mse": 4.679504434235515
      },
      "0.3": {
        "r2": 0.2738057049335283,
        "mse": 5.256998177600642
      },
      "0.4": {
        "r2": 0.07590170108607552,
        "mse": 6.689646429774943
      },
      "0.5": {
        "r2": -0.18645070623799231,
        "mse": 8.58884356828389
      }
    },
    "reasoning": {
      "0.0": {
        "r2": 0.5719885273766732,