{
  "aggregator": {
    "0.0": {
      "mse": 3.3381295204162598,
      "mae": 1.4355186223983765,
      "r2": 0.5140596628189087
    },
    "0.05": {
      "mse": 3.322082757949829,
      "mae": 1.4472405910491943,
      "r2": 0.516395628452301
    },
    "0.1": {
      "mse": 3.5123867988586426,
      "mae": 1.5056145191192627,
      "r2": 0.48869258165359497
    },
    "0.15": {
      "mse": 3.854625701904297,
      "mae": 1.5732324123382568,
      "r2": 0.43887197971343994
    },
    "0.2": {
      "mse": 4.071609973907471,
      "mae": 1.6195350885391235,
      "r2": 0.40728503465652466
    },
    "0.25": {
      "mse": 4.093228340148926,
      "mae": 1.6113977432250977,
      "r2": 0.4041379690170288
    },
    "0.3": {
      "mse": 4.921304702758789,
      "mae": 1.724493145942688,
      "r2": 0.28359270095825195
    },
    "0.4": {
      "mse": 5.536657333374023,
      "mae": 1.8112738132476807,
      "r2": 0.19401419162750244
    },
    "0.5": {
      "mse": 6.493270397186279,
      "mae": 2.005183458328247,
      "r2": 0.054757535457611084
    }
  },
  "best_single_judge": {
    "name": "discourse",
    "results": {
      "0.0": {
        "r2": 0.4661772210795687,
        "mse": 3.6670542028332225
      },
      "0.05": {
        "r2": 0.4557981587717469,
        "mse": 3.7383523668687424
      },
      "0.1": {
        "r2": 0.422550660628339,
        "mse": 3.9667434783290614
      },
      "0.15": {
        "r2": 0.3825177712127211,
        "mse": 4.241746309193611
      },
      "0.2": {
        "r2": 0.32202477091904813,
        "mse": 4.65729828585808
      },
      "0.25": {
        "r2": 0.2706784667346992,
        "mse": 5.010017742566081
      },
      "0.3": {
        "r2": 0.18140151236630875,
        "mse": 5.6232988606832865
      },
      "0.4": {
        "r2": 0.08606010052389923,
        "mse": 6.278239299358111
      },
      "0.5": {
        "r2": -0.09899385869393784,
        "mse": 7.549453128548877
      }
    }
  },
  "mean_baseline": {
    "0.0": {
      "r2": 0.5182626993327967,
      "mse": 3.3092570471529332
    },
    "0.05": {
      "r2": 0.5122120116481141,
      "mse": 3.3508217772100104
    },
    "0.1": {
      "r2": 0.48318690470977843,
      "mse": 3.5502074995674535
    },
    "0.15": {
      "r2": 0.44831369986560354,
      "mse": 3.7897662771990777
    },
    "0.2": {
      "r2": 0.38750195997762016,
      "mse": 4.207507810800942
    },
    "0.25": {
      "r2": 0.3336874929133611,
      "mse": 4.57718212110353
    },
    "0.3": {
      "r2": 0.24610348440767815,
      "mse": 5.178833678838233
    },
    "0.4": {
      "r2": 0.1271469551907093,
      "mse": 5.9959963358940485
    },
    "0.5": {
      "r2": -0.07776261768873116,
      "mse": 7.403606764111302
    }
  },
  "all_judges": {
    "harmlessness": {
      "0.0": {
        "r2": 0.32126576043908983,
        "mse": 4.662512249518743
      },
      "0.05": {
        "r2": 0.31033961135795207,
        "mse": 4.737568583738495
      },
      "0.1": {
        "r2": 0.28228356049618675,
        "mse": 4.930297450490122
      },
      "0.15": {
        "r2": 0.25805206966688,
        "mse": 5.096753798542982
      },
      "0.2": {
        "r2": 0.22155356287370287,
        "mse": 5.3474774619350365
      },
      "0.25": {
        "r2": 0.18841846089039327,
        "mse": 5.575096476685462
      },
      "0.3": {
        "r2": 0.13352073983749768,
        "mse": 5.952212116299247
      },
      "0.4": {
        "r2": 0.05720479043005422,
        "mse": 6.476458615453391
      },
      "0.5": {
        "r2": -0.07739829715690694,
        "mse": 7.401104092456664
      }
    },
    "privacy": {
      "0.0": {
        "r2": 0.0782230333591033,
        "mse": 6.332075424790358
      },
      "0.05": {
        "r2": 0.06255807229098742,
        "mse": 6.439684660646169
      },
      "0.1": {
        "r2": 0.038887811658625426,
        "mse": 6.602285681362445
      },
      "0.15": {
        "r2": 0.03065103064560426,
        "mse": 6.6588676100929876
      },
      "0.2": {
        "r2": 0.01658229897401886,
        "mse": 6.755511671834141
      },
      "0.25": {
        "r2": -0.0008061303573356771,
        "mse": 6.874960139337091
      },
      "0.3": {
        "r2": -0.021057943787070155,
        "mse": 7.014078401961047
      },
      "0.4": {
        "r2": -0.05188392089922633,
        "mse": 7.225835062390898
      },
      "0.5": {
        "r2": -0.10118369745943667,
        "mse": 7.564496056212604
      }
    },
    "factual-accuracy": {
      "0.0": {
        "r2": 0.3701734489374814,
        "mse": 4.326544674246694
      },
      "0.05": {
        "r2": 0.3647678694256824,
        "mse": 4.363677883712913
      },
      "0.1": {
        "r2": 0.34822031656856645,
        "mse": 4.47735001545298
      },
      "0.15": {
        "r2": 0.32607736496832873,
        "mse": 4.629459305155822
      },
      "0.2": {
        "r2": 0.2855013010699803,
        "mse": 4.908193431027672
      },
      "0.25": {
        "r2": 0.24146147717553956,
        "mse": 5.210721587714324
      },
      "0.3": {
        "r2": 0.17592150178940447,
        "mse": 5.660943368582045
      },
      "0.4": {
        "r2": 0.10166355727597953,
        "mse": 6.171052562634066
      },
      "0.5": {
        "r2": -0.05567548699506086,
        "mse": 7.251880931799409
      }
    },
    "prompt-faithfulness": {
      "0.0": {
        "r2": 0.4325524369028295,
        "mse": 3.8980370514558182
      },
      "0.05": {
        "r2": 0.42721447480682073,
        "mse": 3.9347057683253377
      },
      "0.1": {
        "r2": 0.40541039226971975,
        "mse": 4.08448722326493
      },
      "0.15": {
        "r2": 0.3750081499933098,
        "mse": 4.293333070084593
      },
      "0.2": {
        "r2": 0.33071966970319866,
        "mse": 4.5975693526077785
      },
      "0.25": {
        "r2": 0.28280347909394876,
        "mse": 4.926725909982034
      },
      "0.3": {
        "r2": 0.2100041564598829,
        "mse": 5.426815214092556
      },
      "0.4": {
        "r2": 0.08964673318378591,
        "mse": 6.253601204303315
      },
      "0.5": {
        "r2": -0.0730566316413932,
        "mse": 7.371279357723241
      }
    },
    "calibration": {
      "0.0": {
        "r2": 0.23732371144036268,
        "mse": 5.239145648711132
      },
      "0.05": {
        "r2": 0.23173286116715264,
        "mse": 5.277551561312403
      },
      "0.1": {
        "r2": 0.2137566873600769,
        "mse": 5.401037493934853
      },
      "0.15": {
        "r2": 0.19867798633890554,
        "mse": 5.504619461839587
      },
      "0.2": {
        "r2": 0.15715244068775835,
        "mse": 5.789875979017322
      },
      "0.25": {
        "r2": 0.12332842129971044,
        "mse": 6.022227458481148
      },
      "0.3": {
        "r2": 0.07042851442399667,
        "mse": 6.385619268456697
      },
      "0.4": {
        "r2": -0.0037208466984663957,
        "mse": 6.894982557320876
      },
      "0.5": {
        "r2": -0.08661712479072303,
        "mse": 7.464432114329667
      }
    },
    "bias-fairness": {
      "0.0": {
        "r2": 0.2850389070812188,
        "mse": 4.911369810693002
      },
      "0.05": {
        "r2": 0.2670250743539808,
        "mse": 5.035114438348538
      },
      "0.1": {
        "r2": 0.2394905049602034,
        "mse": 5.2242610285762
      },
      "0.15": {
        "r2": 0.22454058720235381,
        "mse": 5.326958329835622
      },
      "0.2": {
        "r2": 0.16905801108244733,
        "mse": 5.708091585999731
      },
      "0.25": {
        "r2": 0.14192087057052283,
        "mse": 5.894508069328483
      },
      "0.3": {
        "r2": 0.11338658435002913,
        "mse": 6.090522136808552
      },
      "0.4": {
        "r2": 0.06069213662741646,
        "mse": 6.452502561057148
      },
      "0.5": {
        "r2": -0.08146506240962981,
        "mse": 7.429040421142548
      }
    },