{
  "0.0": {
    "mse": 2.353461265563965,
    "mae": 1.129791498184204,
    "r2": 0.674896240234375
  },
  "0.05": {
    "mse": 2.5849196910858154,
    "mae": 1.2183040380477905,
    "r2": 0.6429228782653809
  },
  "0.1": {
    "mse": 3.120253324508667,
    "mae": 1.34214448928833,
    "r2": 0.5689725875854492
  },
  "0.15": {
    "mse": 3.21549129486084,
    "mae": 1.4049731492996216,
    "r2": 0.5558165907859802
  },
  "0.2": {
    "mse": 4.100424766540527,
    "mae": 1.5835986137390137,
    "r2": 0.4335731267929077
  },
  "0.25": {
    "mse": 4.203047752380371,
    "mae": 1.66029691696167,
    "r2": 0.41939693689346313
  },
  "0.3": {
    "mse": 4.6966118812561035,
    "mae": 1.798812747001648,
    "r2": 0.3512166738510132
  },
  "0.4": {
    "mse": 6.616196155548096,
    "mae": 2.1219277381896973,
    "r2": 0.08604800701141357
  },
  "0.5": {
    "mse": 8.620222091674805,
    "mae": 2.4743454456329346,
    "r2": -0.19078528881072998
  }
}