{
  "0.0": {
    "mse": 2.2143142223358154,
    "mae": 1.055387020111084,
    "r2": 0.6684485673904419
  },
  "0.05": {
    "mse": 2.2390003204345703,
    "mae": 1.062052607536316,
    "r2": 0.6647523045539856
  },
  "0.1": {
    "mse": 2.4917619228363037,
    "mae": 1.1603658199310303,
    "r2": 0.6269060373306274
  },
  "0.15": {
    "mse": 2.565476894378662,
    "mae": 1.2206933498382568,
    "r2": 0.6158686280250549
  },
  "0.2": {
    "mse": 2.971464157104492,
    "mae": 1.3896079063415527,
    "r2": 0.5550798177719116
  },
  "0.25": {
    "mse": 3.2988791465759277,
    "mae": 1.4808402061462402,
    "r2": 0.5060555934906006
  },
  "0.3": {
    "mse": 3.920440673828125,
    "mae": 1.6348119974136353,
    "r2": 0.4129886031150818
  },
  "0.4": {
    "mse": 5.324948787689209,
    "mae": 1.9362183809280396,
    "r2": 0.2026902437210083
  },
  "0.5": {
    "mse": 4.8905792236328125,
    "mae": 1.9474868774414062,
    "r2": 0.2677288055419922
  }
}