{
  "mlp_raw": {
    "train_metrics": {
      "mse": 3.7432243824005127,
      "mae": 1.538209080696106,
      "r2": 0.4224025011062622
    },
    "test_metrics": {
      "mse": 3.8313729763031006,
      "mae": 1.5493838787078857,
      "r2": 0.41699737310409546
    },
    "normalization": false
  },
  "mlp_normalized": {
    "train_metrics": {
      "mse": 3.646232843399048,
      "mae": 1.4889885187149048,
      "r2": 0.4373687505722046
    },
    "test_metrics": {
      "mse": 3.8658664226531982,
      "mae": 1.5286685228347778,
      "r2": 0.41174864768981934
    },
    "normalization": true
  }
}