{
  "judge_judge_correlations": {
    "Truthfulness": {
      "Truthfulness": 1.0,
      "Harmlessness": 0.6083478571871495,
      "Helpfulness": 0.6948294136865855,
      "Honesty": 0.6932797034145965,
      "Explanatory Depth": 0.5108693430358151,
      "Instruction Following": 0.6590682155199677,
      "Clarity": 0.7074120584858204,
      "Conciseness": 0.5124852798235766,
      "Logical Consistency": 0.7932109108191727,
      "Creativity": 0.39968967930766547
    },
    "Harmlessness": {
      "Truthfulness": 0.6083478571871493,
      "Harmlessness": 1.0,
      "Helpfulness": 0.6415744054753302,
      "Honesty": 0.5875995933049085,
      "Explanatory Depth": 0.5299014733624832,
      "Instruction Following": 0.5884858917792777,
      "Clarity": 0.6928291910267858,
      "Conciseness": 0.49597115791083496,
      "Logical Consistency": 0.6818178478072489,
      "Creativity": 0.42978412168469815
    },
    "Helpfulness": {
      "Truthfulness": 0.6948294136865855,
      "Harmlessness": 0.6415744054753302,
      "Helpfulness": 0.9999999999999998,
      "Honesty": 0.6130201456059033,
      "Explanatory Depth": 0.7082325026881348,
      "Instruction Following": 0.8266326514095141,
      "Clarity": 0.8122501470048552,
      "Conciseness": 0.6352309401707074,
      "Logical Consistency": 0.7976705393718694,
      "Creativity": 0.5820393770314275
    },
    "Honesty": {
      "Truthfulness": 0.6932797034145965,
      "Harmlessness": 0.5875995933049085,
      "Helpfulness": 0.6130201456059035,
      "Honesty": 1.0,
      "Explanatory Depth": 0.4742656692527439,
      "Instruction Following": 0.5582725621206043,
      "Clarity": 0.6343502015860517,
      "Conciseness": 0.47947295094307163,
      "Logical Consistency": 0.6705040283280496,
      "Creativity": 0.40203573682342114
    },
    "Explanatory Depth": {
      "Truthfulness": 0.5108693430358152,
      "Harmlessness": 0.529901473362483,
      "Helpfulness": 0.7082325026881348,
      "Honesty": 0.4742656692527439,
      "Explanatory Depth": 1.0,
      "Instruction Following": 0.6343746797850659,
      "Clarity": 0.649580506379731,
      "Conciseness": 0.3350012485358057,
      "Logical Consistency": 0.6233309540314722,
      "Creativity": 0.7157464843164667
    },
    "Instruction Following": {
      "Truthfulness": 0.6590682155199677,
      "Harmlessness": 0.5884858917792778,
      "Helpfulness": 0.8266326514095141,
      "Honesty": 0.5582725621206043,
      "Explanatory Depth": 0.6343746797850659,
      "Instruction Following": 0.9999999999999998,
      "Clarity": 0.7556426364821528,
      "Conciseness": 0.6226581059401406,
      "Logical Consistency": 0.7638358280837342,
      "Creativity": 0.535081004903558
    },
    "Clarity": {
      "Truthfulness": 0.7074120584858204,
      "Harmlessness": 0.6928291910267859,
      "Helpfulness": 0.8122501470048552,
      "Honesty": 0.6343502015860516,
      "Explanatory Depth": 0.6495805063797309,
      "Instruction Following": 0.7556426364821529,
      "Clarity": 1.0,
      "Conciseness": 0.6505281974404874,
      "Logical Consistency": 0.8255016654722428,
      "Creativity": 0.5256836022573946
    },
    "Conciseness": {
      "Truthfulness": 0.5124852798235766,
      "Harmlessness": 0.4959711579108349,
      "Helpfulness": 0.6352309401707074,
      "Honesty": 0.4794729509430716,
      "Explanatory Depth": 0.3350012485358057,
      "Instruction Following": 0.6226581059401405,
      "Clarity": 0.6505281974404873,
      "Conciseness": 1.0,
      "Logical Consistency": 0.5848858464572975,
      "Creativity": 0.33802169409838967
    },
    "Logical Consistency": {
      "Truthfulness": 0.7932109108191727,
      "Harmlessness": 0.6818178478072489,
      "Helpfulness": 0.7976705393718693,
      "Honesty": 0.6705040283280497,
      "Explanatory Depth": 0.6233309540314722,
      "Instruction Following": 0.7638358280837342,
      "Clarity": 0.8255016654722428,
      "Conciseness": 0.5848858464572975,
      "Logical Consistency": 1.0,
      "Creativity": 0.4989336860920478
    },
    "Creativity": {
      "Truthfulness": 0.3996896793076654,
      "Harmlessness": 0.4297841216846982,
      "Helpfulness": 0.5820393770314274,
      "Honesty": 0.4020357368234212,
      "Explanatory Depth": 0.7157464843164667,
      "Instruction Following": 0.5350810049035581,
      "Clarity": 0.5256836022573946,
      "Conciseness": 0.33802169409838967,
      "Logical Consistency": 0.4989336860920478,
      "Creativity": 1.0
    }
  },
  "persona_persona_correlations": {
    "Professor": {
      "Professor": 1.0,
      "CEO": 0.8958384504049803,
      "Parent": 0.8762030332058727,
      "Student": 0.9166485692272976,
      "Data Scientist": 0.911700923612827,
      "Therapist": 0.8583993178405932,
      "Child": 0.6988256078746007,
      "Ethicist": 0.8583617417271963,
      "Privacy Advocate": 0.7899391988250365,
      "Skeptic": 0.8992490903845852,
      "Engineer": 0.9052537433940235,
      "Novelist": 0.8398952144692097,
      "Non-native Speaker": 0.8704333322745446,
      "Lawyer": 0.9015224640162813
    },
    "CEO": {
      "Professor": 0.8958384504049803,
      "CEO": 0.9999999999999999,
      "Parent": 0.8628957768817516,
      "Student": 0.8962720865814381,
      "Data Scientist": 0.8868880470347199,
      "Therapist": 0.8245517151006505,
      "Child": 0.7371317731804108,
      "Ethicist": 0.8329734399682158,
      "Privacy Advocate": 0.7707239357629956,
      "Skeptic": 0.8595062532931826,
      "Engineer": 0.9025197909248518,
      "Novelist": 0.836067545012636,
      "Non-native Speaker": 0.8896126455007175,
      "Lawyer": 0.8816557612319218
    },
    "Parent": {
      "Professor": 0.8762030332058728,
      "CEO": 0.8628957768817515,
      "Parent": 1.0,
      "Student": 0.8779750442758261,
      "Data Scientist": 0.846166577782137,
      "Therapist": 0.8588721523316128,
      "Child": 0.7115276546270338,
      "Ethicist": 0.8609656880977492,
      "Privacy Advocate": 0.7998903960072523,
      "Skeptic": 0.8360704538589868,
      "Engineer": 0.8458070813389403,
      "Novelist": 0.8199259538120914,
      "Non-native Speaker": 0.8678620396810578,
      "Lawyer": 0.8666141486527257
    },
    "Student": {
      "Professor": 0.9166485692272976,
      "CEO": 0.8962720865814381,
      "Parent": 0.8779750442758262,
      "Student": 1.0,
      "Data Scientist": 0.8923899471428333,
      "Therapist": 0.8498623611350322,
      "Child": 0.7032174317236342,
      "Ethicist": 0.8399217387889757,
      "Privacy Advocate": 0.7666331237177874,
      "Skeptic": 0.8805946559144928,
      "Engineer": 0.8997478444411952,
      "Novelist": 0.8369153945247733,
      "Non-native Speaker": 0.8865815501244703,
      "Lawyer": 0.8924688218028145
    },
    "Data Scientist": {
      "Professor": 0.9117009236128271,
      "CEO": 0.8868880470347198,
      "Parent": 0.846166577782137,
      "Student": 0.8923899471428333,
      "Data Scientist": 1.0,
      "Therapist": 0.8197846197040033,
      "Child": 0.7150450065606432,
      "Ethicist": 0.8504986855162088,
      "Privacy Advocate": 0.7912759441995629,
      "Skeptic": 0.9154901463526505,
      "Engineer": 0.9175621987869852,
      "Novelist": 0.8108225484426229,
      "Non-native Speaker": 0.8560633857248359,
      "Lawyer": 0.9012550828843157
    },
    "Therapist": {
      "Professor": 0.8583993178405932,
      "CEO": 0.8245517151006505,
      "Parent": 0.8588721523316128,
      "Student": 0.8498623611350322,
      "Data Scientist": 0.8197846197040034,
      "Therapist": 1.0,
      "Child": 0.7056280061391502,
      "Ethicist": 0.8646548705524857,
      "Privacy Advocate": 0.7988479092085614,
      "Skeptic": 0.8162565525013905,
      "Engineer": 0.8230229769370919,
      "Novelist": 0.8208498798160728,
      "Non-native Speaker": 0.8270963215519346,
      "Lawyer": 0.8420604393617661
    },
    "Child": {
      "Professor": 0.6988256078746006,
      "CEO": 0.7371317731804108,
      "Parent": 0.7115276546270338,