{
  "mlp_raw": {
    "train_metrics": {
      "mse": 2.977152109146118,
      "mae": 1.3116099834442139,
      "r2": 0.6378883123397827
    },
    "test_metrics": {
      "mse": 4.095701217651367,
      "mae": 1.4881618022918701,
      "r2": 0.5379802584648132
    },
    "normalization": false
  },
  "mlp_normalized": {
    "train_metrics": {
      "mse": 2.901779890060425,
      "mae": 1.290574312210083,
      "r2": 0.6470558643341064
    },
    "test_metrics": {
      "mse": 4.085835933685303,
      "mae": 1.4734283685684204,
      "r2": 0.5390931367874146
    },
    "normalization": true
  }
}